<?xml version="1.0" encoding="UTF-8"?>
<config xmlns="http://www.knime.org/2008/09/XMLConfig" xmlns:xsi="http://www.w3.org/2001/XMLSchema-instance" xsi:schemaLocation="http://www.knime.org/2008/09/XMLConfig http://www.knime.org/XMLConfig_2008_09.xsd" key="filestore">
    <config key="filestore_keys">
        <config key="filestore_key_0">
            <entry key="storeUUID" type="xstring" value="aec6f2b5-dd35-47b1-9feb-1eb3552e9d61"/>
            <entry key="index" type="xint" value="0"/>
            <entry key="name" type="xstring" value="aeed725e-5286-4d9e-90bf-fac21b9227e2"/>
            <entry key="iterationIndex" type="xint" value="-1"/>
        </config>
    </config>
</config>
