<?xml version="1.0" encoding="UTF-8"?>
<config xmlns="http://www.knime.org/2008/09/XMLConfig" xmlns:xsi="http://www.w3.org/2001/XMLSchema-instance" xsi:schemaLocation="http://www.knime.org/2008/09/XMLConfig http://www.knime.org/XMLConfig_2008_09.xsd" key="MiningSchema">
    <config key="learning">
        <entry key="array-size" type="xint" value="24"/>
        <entry key="0" type="xstring" value="ID"/>
        <entry key="1" type="xstring" value="LIMIT_BAL"/>
        <entry key="2" type="xstring" value="SEX"/>
        <entry key="3" type="xstring" value="EDUCATION"/>
        <entry key="4" type="xstring" value="MARRIAGE"/>
        <entry key="5" type="xstring" value="AGE"/>
        <entry key="6" type="xstring" value="PAY_0"/>
        <entry key="7" type="xstring" value="PAY_2"/>
        <entry key="8" type="xstring" value="PAY_3"/>
        <entry key="9" type="xstring" value="PAY_4"/>
        <entry key="10" type="xstring" value="PAY_5"/>
        <entry key="11" type="xstring" value="PAY_6"/>
        <entry key="12" type="xstring" value="BILL_AMT1"/>
        <entry key="13" type="xstring" value="BILL_AMT2"/>
        <entry key="14" type="xstring" value="BILL_AMT3"/>
        <entry key="15" type="xstring" value="BILL_AMT4"/>
        <entry key="16" type="xstring" value="BILL_AMT5"/>
        <entry key="17" type="xstring" value="BILL_AMT6"/>
        <entry key="18" type="xstring" value="PAY_AMT1"/>
        <entry key="19" type="xstring" value="PAY_AMT2"/>
        <entry key="20" type="xstring" value="PAY_AMT3"/>
        <entry key="21" type="xstring" value="PAY_AMT4"/>
        <entry key="22" type="xstring" value="PAY_AMT5"/>
        <entry key="23" type="xstring" value="PAY_AMT6"/>
    </config>
    <config key="target">
        <entry key="array-size" type="xint" value="1"/>
        <entry key="0" type="xstring" value="default payment next month"/>
    </config>
</config>
